platform,n_threads,n_primary,events_primary,censored_primary,half_life_hours,half_life_ci95_low,half_life_ci95_high
moltbook,813,1841,22,1819,0.06281966964085513,0.019849647016176374,0.11768070669680898
reddit,813,7979,2882,5097,2.4448469497714043,2.1298344396961246,2.792589003051695
