outcome,outcome_label,n_pairs,moltbook_mean,reddit_mean,mean_diff_m_minus_r,mean_diff_ci95_low,mean_diff_ci95_high,median_diff_m_minus_r,cohen_d_paired,wilcoxon_stat,wilcoxon_p,sign_test_p
n_comments,Comments per thread,813,2.337023370233702,10.040590405904059,-7.703567035670357,-9.431949569495695,-6.060178351783518,0.0,-0.31077176826069086,14963.0,1.4262247272902475e-49,2.725822007432291e-20
depth_max,Max depth,813,1.020910209102091,2.211562115621156,-1.1906519065190653,-1.3431734317343174,-1.039329643296433,0.0,-0.5358219270824974,226.0,5.1606938685089477e-54,4.0657842364926987e-88
n_unique_agents,Unique participants,813,2.041820418204182,7.0504305043050435,-5.008610086100861,-6.098708487084871,-4.00119926199262,0.0,-0.3121915320143188,15949.0,7.622401072310756e-45,4.172045620240535e-19
thread_duration_hours,Thread duration (hours),813,0.050587118559857314,8.656496514965205,-8.60590939640529,-9.99653003232015,-7.338321033969669,-0.079551212778,-0.4785696380138175,75728.0,6.497726078541528e-41,0.03528848018677924
reentry_rate,Re-entry rate,792,0.055657862760119955,0.09570581359585732,-0.0400479508357298,-0.053806226666854924,-0.026809485194431444,0.0,-0.20907742481514446,10962.5,4.77443793066426e-09,3.1240293596875434e-14
