depth_max,thread_count,thread_share
1,644,0.5833333333333334
2,179,0.1621376811594203
3,99,0.08967391304347826
4,57,0.051630434782608696
5,45,0.04076086956521739
6,27,0.024456521739130436
7,17,0.015398550724637682
8,15,0.01358695652173913
9,4,0.0036231884057971015
10,7,0.006340579710144928
11,4,0.0036231884057971015
12,1,0.0009057971014492754
13,1,0.0009057971014492754
14,1,0.0009057971014492754
15,1,0.0009057971014492754
17,1,0.0009057971014492754
21,1,0.0009057971014492754
