bin_left,bin_right,thread_count,thread_share
0.0,0.05,764,0.7022058823529411
0.05,0.1,21,0.019301470588235295
0.1,0.15000000000000002,31,0.02849264705882353
0.15000000000000002,0.2,26,0.02389705882352941
0.2,0.25,29,0.02665441176470588
0.25,0.30000000000000004,56,0.051470588235294115
0.30000000000000004,0.35000000000000003,33,0.030330882352941176
0.35000000000000003,0.4,30,0.027573529411764705
0.4,0.45,32,0.029411764705882353
0.45,0.5,18,0.016544117647058824
0.5,0.55,24,0.022058823529411766
0.55,0.6000000000000001,15,0.013786764705882353
0.6000000000000001,0.65,5,0.004595588235294118
0.65,0.7000000000000001,2,0.001838235294117647
0.7000000000000001,0.75,2,0.001838235294117647
0.75,0.8,0,0.0
0.8,0.8500000000000001,0,0.0
0.8500000000000001,0.9,0,0.0
0.9,0.9500000000000001,0,0.0
0.9500000000000001,1.0,0,0.0
