depth,mean_children,median_children,n_nodes
0,4.305253623188406,1.0,1104
1,0.446454870608037,0.0,4753
2,0.6248821866163996,0.0,2122
3,0.5339366515837104,0.0,1326
4,0.5677966101694916,0.0,708
5,0.572139303482587,0.0,402
6,0.6260869565217392,1.0,230
7,0.4861111111111111,0.0,144
8,0.6,1.0,70
9,0.6666666666666666,1.0,42
10,0.6071428571428571,1.0,28
11,0.5294117647058824,1.0,17
12,0.7777777777777778,1.0,9
13,0.8571428571428571,1.0,7
14,1.0,1.0,6
15,0.3333333333333333,0.0,6
16,1.0,1.0,2
17,0.5,0.5,2
18,1.0,1.0,1
19,1.0,1.0,1
20,1.0,1.0,1
21,0.0,0.0,1
