frequency_per_hour,power
0.03125,0.5362479305490695
0.0625,0.4052801757009026
0.09375,0.17006348360057966
0.125,0.07111107760488933
0.15625,0.04792460115832834
0.1875,0.055846537690449616
0.21875,0.10085492122730903
0.25,0.07342346077956273
0.28125,0.09333788820165527
0.3125,0.05464666777298388
0.34375,0.07247914418219491
0.375,0.08286112672849275
0.40625,0.0984251715352696
0.4375,0.0522323511805513
0.46875,0.011863152558028051
0.5,0.02335870873688464
0.53125,0.04767034497360448
0.5625,0.04434382343604502
0.59375,0.044719967341052984
0.625,0.032458248627387616
0.65625,0.022829833638136773
0.6875,0.0412737157937911
0.71875,0.06074782706850033
0.75,0.05464849077034562
0.78125,0.04031253865555553
0.8125,0.043243184084735715
0.84375,0.03468120687850295
0.875,0.029829633186317914
0.90625,0.03626029223997259
0.9375,0.05803060566949018
0.96875,0.07074191177681917
1.0,0.04591638421980639
1.03125,0.04948856055926663
1.0625,0.052667146089287936
1.09375,0.046196669747218734
1.125,0.03880922103845418
1.15625,0.04554931425018918
1.1875,0.034046338198825014
1.21875,0.031160549455733738
1.25,0.019060432281050185
1.28125,0.023617336723569218
1.3125,0.029523307208981577
1.34375,0.026955282128322888
1.375,0.043146066025880676
1.40625,0.06068897787592289
1.4375,0.02439486139889062
1.46875,0.041051433502129954
1.5,0.04057591947821184
1.53125,0.03298898562339212
1.5625,0.021274039976956483
1.59375,0.028813407089289547
1.625,0.0395144304903795
1.65625,0.020006107939395144
1.6875,0.03471985811425068
1.71875,0.0348198333671589
1.75,0.016386175072882852
1.78125,0.010572600586045885
1.8125,0.037563294670040805
1.84375,0.046237948418509506
1.875,0.038917363795133365
1.90625,0.023801404250079056
1.9375,0.018825066694841904
1.96875,0.03397237853211405
2.0,0.027053050843759845
