metric,mean,median,std,min,max
Comments per thread,8.947463768115941,2.0,22.998698234644934,1.0,376.0
Max depth per thread,2.1693840579710146,1.0,2.0924518278811344,1.0,21.0
Thread duration (hours),10.118899204911433,0.97125,18.25764456699278,0.0,106.30916666666667
Unique agents per thread,6.294384057971015,2.0,14.936836646788274,0.0,245.0
Re-entry rate,0.0937971068534301,0.0,0.16582128378485808,0.0,0.7241379310344828
