platform,n_parent_comments,n_replied,event_probability_observed,event_probability_fitted,event_probability_residual_fitted_minus_observed,conditional_p10_seconds_observed,conditional_p10_seconds_fitted,conditional_p50_seconds_observed,conditional_p50_seconds_fitted,conditional_p90_seconds_observed,conditional_p90_seconds_fitted,conditional_p10_minutes_observed,conditional_p10_minutes_fitted,conditional_p50_minutes_observed,conditional_p50_minutes_fitted,conditional_p90_minutes_observed,conditional_p90_minutes_fitted,conditional_p10_hours_observed,conditional_p10_hours_fitted,conditional_p50_hours_observed,conditional_p50_hours_fitted,conditional_p90_hours_observed,conditional_p90_hours_fitted,timing_model_alpha_per_hour,timing_model_beta_per_hour,timing_model_half_life_hours,analysis_seed,input_survival_path
Moltbook,223316,21430,0.0959626717297462,0.09907734372923227,0.0031146719994860766,3.6735358,6.002599964170692,4.553797,39.942266515778265,50.04957290000027,134.98058819538846,0.061225596666666667,0.1000433327361782,0.07589661666666667,0.6657044419296377,0.8341595483333378,2.249676469923141,0.001020426611111111,0.0016673888789363032,0.0012649436111111113,0.011095074032160628,0.013902659138888964,0.03749460783205235,6.276182485805615,60.15364281648383,0.011522946044591052,20260208,data_features/moltbook_only/run_20260206-145240Z/survival_units.parquet
Reddit,9547,3456,0.36199853357075523,0.38703866752633975,0.02504013395558452,200.0,1138.349237128418,2359.0,7835.627210963539,33732.5,28141.253852521953,3.3333333333333335,18.972487285473633,39.31666666666667,130.59378684939233,562.2083333333334,469.02089754203257,0.05555555555555555,0.31620812142456056,0.6552777777777777,2.1765631141565387,9.370138888888889,7.817014959033876,0.13015335677779105,0.2659157140256478,2.606642420887886,20260208,data_features/reddit_only/attempt_scaled_20260206-142651Z/survival_units.parquet
